{
    "닭/오리요리": {
        "강남구": 14599.877327750124,
        "성북구": 15082.707806545688,
        "중구": 14018.533528784346,
        "은평구": 13245.546409821596,
        "금천구": 7853.878723587104,
        "광진구": 22097.91171973948,
        "서대문구": 13776.110501157436,
        "중랑구": 7944.891588255652,
        "강북구": 84394.13737739412,
        "관악구": 3563.9723479430904,
        "구로구": 13896.917669336019,
        "영등포구": 17140.191446369015,
        "마포구": 6406.672949168961,
        "종로구": 8983.700188079569,
        "도봉구": 3926.22394219421,
        "용산구": 20367.737985991625,
        "동작구": 4251.902931767119,
        "서초구": 36540.212641398255,
        "송파구": 3317.607171514444,
        "노원구": 3304.5367230104516,
        "성동구": 12220.876818880137,
        "양천구": 14920.794914055772,
        "동대문구": 30668.313937638955
    },
    "별식/퓨전요리": {
        "강남구": 8595.09991637542,
        "성북구": 7529.848886238971,
        "중구": 6857.670562231582,
        "은평구": 1633.8410013944504,
        "금천구": 20420.14372771441,
        "광진구": 30555.32571506076,
        "서대문구": 1183.010237883032,
        "중랑구": 4548.218812020603,
        "강북구": 7202.475767333279,
        "관악구": 5581.476707568075,
        "구로구": 9487.74575354091,
        "영등포구": 1648.8927430287295,
        "마포구": 10270.820506320057,
        "종로구": 34040.15334548076,
        "도봉구": 20990.300923221246,
        "용산구": 16331.082127128348,
        "동작구": 10281.112379752298,
        "서초구": 6425.721666261384,
        "송파구": 5520.029403214826,
        "노원구": 1116.5237784646238,
        "성동구": 2598.004391856035,
        "양천구": 1662.3278411149458,
        "동대문구": 4908.803547641209
    },
    "분식": {
        "강남구": 28189.560241781015,
        "성북구": 14820.675357882126,
        "중구": 16648.633649209558,
        "은평구": 169790.15584563973,
        "금천구": 15595.145469517218,
        "광진구": 28336.464734476514,
        "서대문구": 80177.17670865863,
        "중랑구": 22622.776860048867,
        "강북구": 96030.46263720139,
        "관악구": 40774.63199555403,
        "구로구": 164546.87822938562,
        "영등포구": 21755.48458351663,
        "마포구": 18927.825501786218,
        "종로구": 57101.606549162505,
        "도봉구": 10081.742329647112,
        "용산구": 107920.3801297227,
        "동작구": 3580.4245463043226,
        "서초구": 142232.1872755639,
        "송파구": 8686.632804610403,
        "노원구": 8466.972414665319,
        "성동구": 27918.842078260874,
        "양천구": 3809.9305882330755,
        "동대문구": 9010.756877487333
    },
    "양식": {
        "강남구": 155944.66199812916,
        "성북구": 90669.31103174604,
        "중구": 35456.14150093148,
        "은평구": 57128.06576013028,
        "금천구": 11186.29405663425,
        "광진구": 19263.851358337233,
        "서대문구": 23729.057224866672,
        "중랑구": 53569.32025862069,
        "강북구": 179355.27083333334,
        "관악구": 30015.33558691847,
        "구로구": 88572.90966529692,
        "영등포구": 14495.017268950145,
        "마포구": 23653.379544557207,
        "종로구": 15313.468624538775,
        "도봉구": 10828.69052795031,
        "용산구": 17362.88969815412,
        "동작구": 37374.0894834634,
        "서초구": 31455.734199130726,
        "송파구": 8780.69247684259,
        "노원구": 42358.97875548245,
        "성동구": 13717.252858015954,
        "양천구": 66252.72727846843,
        "동대문구": 67326.99591687552
    },
    "일식/수산물": {
        "강남구": 38146.6830876029,
        "성북구": 14491.944302557346,
        "중구": 53369.457789096086,
        "은평구": 32198.509769219287,
        "금천구": 10875.714136149281,
        "광진구": 19554.59185400116,
        "서대문구": 18067.507662751712,
        "중랑구": 13524.453368475537,
        "강북구": 12046.884601655653,
        "관악구": 9825.493665648079,
        "구로구": 8505.445881868729,
        "영등포구": 13048.942720959207,
        "마포구": 66456.02257850509,
        "종로구": 6076.7790234108,
        "도봉구": 9882.750539132228,
        "용산구": 33919.72161839752,
        "동작구": 7111.0254113702385,
        "서초구": 15349.262708126025,
        "송파구": 10296.478674722603,
        "노원구": 5231.641394716395,
        "성동구": 4495.634122670807,
        "양천구": 1461.726480975165,
        "동대문구": 24103.163809485803
    },
    "제과제빵떡케익": {
        "강남구": 19955.89809853099,
        "성북구": 20020.540621654123,
        "중구": 35874.65688630723,
        "은평구": 3139.266809594852,
        "금천구": 2008.3758766162612,
        "광진구": 15873.113840773602,
        "서대문구": 19136.198069445807,
        "중랑구": 12791.461331535642,
        "강북구": 8465.849485785286,
        "관악구": 10173.031046631451,
        "구로구": 2674.7496026655153,
        "영등포구": 172914.50112436313,
        "마포구": 8998.09182068038,
        "종로구": 4796.708508733712,
        "도봉구": 785.445513671048,
        "용산구": 23636.906687410363,
        "동작구": 1349.574335225498,
        "서초구": 2509.9747983935476,
        "송파구": 15763.075436655487,
        "노원구": 6776.988092143795,
        "성동구": 2633.0453532478846,
        "양천구": 10273.065873491836,
        "동대문구": 7175.563400900901
    },
    "중식": {
        "강남구": 36370.81327806158,
        "성북구": 19782.83295795796,
        "중구": 20046.323243642182,
        "은평구": 20473.72378060536,
        "금천구": 70329.28834427768,
        "광진구": 47859.4376609521,
        "서대문구": 42480.20443326998,
        "중랑구": 61017.3722943723,
        "강북구": 33874.4484446801,
        "관악구": 15281.73064516129,
        "구로구": 21860.904413472705,
        "영등포구": 39902.980628922734,
        "마포구": 46297.05153723951,
        "종로구": 6619.795920720958,
        "도봉구": 23276.49766899767,
        "용산구": 18138.42195767196,
        "동작구": 12044.439130434783,
        "서초구": 24135.800907621895,
        "송파구": 90347.41430050282,
        "노원구": 8980.47619047619,
        "성동구": 6588.720869565217,
        "양천구": 5218.785256410256,
        "동대문구": 127316.14027777778
    },
    "패스트푸드": {
        "강남구": 37181.64198901728,
        "성북구": 33132.33239241049,
        "중구": 82056.78878874227,
        "은평구": 4384.695144024854,
        "금천구": 77422.31434137361,
        "광진구": 21563.99847644649,
        "서대문구": 3552.024772257748,
        "중랑구": 51795.147113439656,
        "강북구": 8477.462783638359,
        "관악구": 8006.981389484269,
        "구로구": 7048.576087285228,
        "영등포구": 2414.659433144395,
        "마포구": 3626.0939794972583,
        "종로구": 12558.071115659062,
        "도봉구": 3662.7350611137654,
        "용산구": 56633.065831001215,
        "동작구": 8024.996279151993,
        "서초구": 79453.01098982076,
        "송파구": 3284.5374500366906,
        "노원구": 1262.1162027034427,
        "성동구": 1435.387608784813,
        "양천구": 23826.25497374025,
        "동대문구": 5652.919966983158
    },
    "한식": {
        "강남구": 44123.76830063094,
        "성북구": 621670.7002876583,
        "중구": 78909.9729103168,
        "은평구": 68829.83167969264,
        "금천구": 17705.21002136672,
        "광진구": 73460.98549201267,
        "서대문구": 65342.45362501468,
        "중랑구": 152894.1940911343,
        "강북구": 84294.30204935255,
        "관악구": 23769.723607420423,
        "구로구": 21064.488535828983,
        "영등포구": 71401.69938807908,
        "마포구": 238030.83435160544,
        "종로구": 100263.44457310108,
        "도봉구": 58143.51822576775,
        "용산구": 60801.42032221983,
        "동작구": 16033.122154287194,
        "서초구": 70117.42498402213,
        "송파구": 18030.949287752584,
        "노원구": 135240.05645032454,
        "성동구": 13236.148250813021,
        "양천구": 113589.24829624924,
        "동대문구": 20953.84256067353
    }
}